Date,StudentFirstName,StudentLastName,VolunteerTime,VolunteerFirstName,VolunteerLastName
9/1/18,Julie,Jones,45,Kevin,Taylor
9/1/18,Tyler,Morgan,33,Jackie,Morgan
9/1/18,John,Jones,22,Stacey,Jones
9/2/18,Simone,Holly,77,Stacey,Holly
9/2/18,Julie,Jones,22,Kevin,Taylor
9/2/18,Porcha,Key,120,Mercedes,Key
9/3/18,Jack,Turner,120,Mike,Turner
9/3/18,Audrey,Hamilton,36,Jackie,Hamilton
9/3/18,MJ,Jackson,44,Sage,Jackson
9/4/18,Emerson,Jackson,129,Sage,Jackson
9/4/18,MJ,Jackson,220,Sage,Jackson
9/4/18,Emerson,Jackson,103,Sage,Jackson